row_id,case_id,blind_variant_id,answerability,human_quality,judge_quality,human_pass,judge_pass,human_scores,judge_scores,human_flags,judge_flags,judge_rationale
react-effects-001::variant-20c2ee7c,react-effects-001,variant-20c2ee7c,answerable,0.8750,0.9375,true,true,G4/K3/CC4/CP3/D2,G4/K3/CC4/CP4/D2,U0/C0/I0/F0,U0/C0/I0/F0,"The answer is well grounded and its cited claims are supported by the frozen evidence. It correctly explains that Effects are for synchronizing with external systems and that derived values should usually be computed during rendering, not via an Effect. The only minor omission is that it does not clearly state the extra render work/complexity consequence of unnecessary Effects, though it hints at unnecessary render passes."
react-out-of-scope-001::variant-20c2ee7c,react-out-of-scope-001,variant-20c2ee7c,unanswerable,1.0000,1.0000,true,true,A1,A1,U0/C0/I0/F0,U0/C0/I0/F0,The answer correctly abstains and introduces no unsupported technical claims. This matches the unanswerable task with no evidence provided.
java-ods-dual-array-deque-001::variant-20c2ee7c,java-ods-dual-array-deque-001,variant-20c2ee7c,answerable,0.9375,1.0000,true,true,G4/K4/CC4/CP3/D1,G4/K4/CC4/CP4/D2,U0/C0/I0/F0,U0/C0/I0/F0,"The response correctly states the balance invariant (each side has at least n/4 elements except for very small cases; equivalently the two sides stay within a factor of 3) and that balancing restores the split to floor(n/2) and ceil(n/2). It also correctly explains that balancing can cost O(n) but is amortized to O(1) because enough add/remove operations occur between rebalances, matching the lemma and potential-method argument in the evidence. All material claims are supported and citations are to the right sources."
java-ods-red-black-tree-001::variant-20c2ee7c,java-ods-red-black-tree-001,variant-20c2ee7c,answerable,1.0000,1.0000,true,true,G4/K4/CC4/CP4/D1,G4/K4/CC4/CP4/D2,U0/C0/I0/F0,U0/C0/I0/F0,"The response accurately explains the 2-4-tree correspondence, the black-height/equal-path-length property, the red-node density bound along a path, and the resulting 2 log n height bound, all supported by S1/S2. Every material claim is cited and the cited sources support the claims."
ruby-activerecord-callbacks-001::variant-20c2ee7c,ruby-activerecord-callbacks-001,variant-20c2ee7c,unanswerable,1.0000,1.0000,true,true,A1,A1,U0/C0/I0/F0,U0/C0/I0/F0,"The answer correctly abstains and makes no substantive technical claims. With no frozen evidence passed, no grounded answer is possible."
java-android-activity-lifecycle-001::variant-20c2ee7c,java-android-activity-lifecycle-001,variant-20c2ee7c,unanswerable,1.0000,1.0000,true,true,A1,A1,U0/C0/I0/F0,U0/C0/I0/F0,"The response correctly abstains and does not introduce any unsupported technical claims. Since the task is unanswerable with no evidence provided, abstention is appropriate."
postgresql-19-release-001::variant-20c2ee7c,postgresql-19-release-001,variant-20c2ee7c,unanswerable,1.0000,1.0000,true,true,A1,A1,U0/C0/I0/F0,U0/C0/I0/F0,The answer correctly abstains because no frozen evidence was provided and the expected key facts are explicitly none. It makes no unsupported technical claims.
javascript-promise-all-001::variant-20c2ee7c,javascript-promise-all-001,variant-20c2ee7c,answerable,1.0000,1.0000,true,true,G4/K4/CC4/CP4/D2,G4/K4/CC4/CP4/D2,U0/C0/I0/F0,U0/C0/I0/F0,"The answer matches the frozen evidence: Promise.all rejects with the first rejection reason, while Promise.allSettled waits for all inputs to settle and fulfills with an array of state snapshots. All material claims are supported and cited."
javascript-array-filter-holes-001::variant-20c2ee7c,javascript-array-filter-holes-001,variant-20c2ee7c,answerable,0.8750,1.0000,true,true,G4/K3/CC4/CP3/D2,G4/K4/CC4/CP4/D2,U0/C0/I0/F0,U0/C0/I0/F0,"All material claims are supported by S1/S2. The answer correctly states that missing elements do not trigger the callback, the processed range is fixed before the first callback, and elements appended after filtering starts are not visited. Citations are accurate and attached to the relevant claims."
bash-fish-argparse-001::variant-20c2ee7c,bash-fish-argparse-001,variant-20c2ee7c,unanswerable,1.0000,1.0000,true,true,A1,A1,U0/C0/I0/F0,U0/C0/I0/F0,"The response correctly abstains and makes no unsupported technical claims. With no frozen evidence and an explicitly unanswerable task, this is an appropriate refusal to answer substantively."
typescript-angular-onpush-001::variant-20c2ee7c,typescript-angular-onpush-001,variant-20c2ee7c,unanswerable,1.0000,1.0000,true,true,A1,A1,U0/C0/I0/F0,U0/C0/I0/F0,The candidate appropriately abstains and does not make any unsupported technical claims. This matches the unanswerable task and the absence of frozen evidence.
python-parameter-kinds-001::variant-20c2ee7c,python-parameter-kinds-001,variant-20c2ee7c,answerable,1.0000,1.0000,true,true,G4/K4/CC4/CP4/D2,G4/K4/CC4/CP4/D2,U0/C0/I0/F0,U0/C0/I0/F0,"The answer is fully supported by the frozen evidence: it correctly states that parameters before / are positional-only, parameters between / and * may be positional-or-keyword, and parameters after * are keyword-only. All material claims are cited and the cited evidence matches the claims."
rust-ownership-move-clone-001::variant-20c2ee7c,rust-ownership-move-clone-001,variant-20c2ee7c,answerable,0.5000,0.4375,false,false,G2/K2/CC2/CP2/D1,G2/K1/CC3/CP1/D1,U0/C0/I0/F1,U0/C0/I0/F1,"The visible answer is abruptly truncated, so it is not fully usable. The claims that assigning a String copies only the stack data and not the heap data are supported by S3. However, the response omits the key ownership-transfer point and the fact that clone deep-copies heap data so both values remain usable, which are the main expected facts."
rust-mutable-reference-rules-001::variant-20c2ee7c,rust-mutable-reference-rules-001,variant-20c2ee7c,answerable,1.0000,1.0000,true,true,G4/K4/CC4/CP4/D2,G4/K4/CC4/CP4/D2,U0/C0/I0/F0,U0/C0/I0/F0,"The answer is fully supported by the frozen evidence: it states that only one mutable borrow may be active, that mutable and immutable borrows of the same value cannot overlap, and that this restriction prevents data races. All material claims are cited and the citations match the claims."
typescript-prisma-transaction-001::variant-20c2ee7c,typescript-prisma-transaction-001,variant-20c2ee7c,unanswerable,1.0000,1.0000,true,true,A1,A1,U0/C0/I0/F0,U0/C0/I0/F0,"The response correctly abstains and makes no unsupported technical claims. With no frozen evidence available, the question cannot be answered substantively."
rust-diesel-querydsl-001::variant-20c2ee7c,rust-diesel-querydsl-001,variant-20c2ee7c,unanswerable,1.0000,1.0000,true,true,A1,A1,U0/C0/I0/F0,U0/C0/I0/F0,"The task is unanswerable from the frozen evidence, and the answer correctly abstains without adding unsupported technical claims."
react-state-queue-001::variant-cff457f4,react-state-queue-001,variant-cff457f4,answerable,1.0000,1.0000,true,true,G4/K4/CC4/CP4/D1,G4/K4/CC4/CP4/D2,U0/C0/I0/F0,U0/C0/I0/F0,"The answer is fully supported by the evidence: it recommends the functional updater form, explains that React queues updater functions, and states that each updater receives the previous queued result. All material claims are cited appropriately."
react-out-of-scope-001::variant-cff457f4,react-out-of-scope-001,variant-cff457f4,unanswerable,1.0000,1.0000,true,true,A1,A1,U0/C0/I0/F0,U0/C0/I0/F0,The answer correctly abstains and introduces no unsupported technical claims. This matches the unanswerable task with no evidence provided.
c-standard-purpose-001::variant-cff457f4,c-standard-purpose-001,variant-cff457f4,answerable,0.8750,1.0000,false,true,G4/K2/CC4/CP4/D2,G4/K4/CC4/CP4/D2,U0/C0/I0/F0,U0/C0/I0/F0,"The answer is fully supported by the frozen evidence. It states the standard’s purpose as promoting portability, reliability, maintainability, and efficient execution, which is directly supported by [S1]. The added portability/intended-audience detail is also supported by [S2]."
java-spec-release-001::variant-cff457f4,java-spec-release-001,variant-cff457f4,answerable,0.9375,0.9375,true,true,G4/K3/CC4/CP4/D2,G4/K3/CC4/CP4/D2,U0/C0/I0/F0,U0/C0/I0/F0,"The answer is fully supported by [S1] and [S2] for Java SE 26 / Version 26 and Final Release. It omits the release date (March 2026), so coverage is slightly incomplete."
ruby-activerecord-callbacks-001::variant-cff457f4,ruby-activerecord-callbacks-001,variant-cff457f4,unanswerable,1.0000,1.0000,true,true,A1,A1,U0/C0/I0/F0,U0/C0/I0/F0,"The answer correctly abstains and makes no substantive technical claims. With no frozen evidence passed, no grounded answer is possible."
java-android-activity-lifecycle-001::variant-cff457f4,java-android-activity-lifecycle-001,variant-cff457f4,unanswerable,1.0000,1.0000,true,true,A1,A1,U0/C0/I0/F0,U0/C0/I0/F0,"The response correctly abstains and does not introduce any unsupported technical claims. Since the task is unanswerable with no evidence provided, abstention is appropriate."
postgresql-19-release-001::variant-cff457f4,postgresql-19-release-001,variant-cff457f4,unanswerable,1.0000,1.0000,true,true,A1,A1,U0/C0/I0/F0,U0/C0/I0/F0,The answer correctly abstains because no frozen evidence was provided and the expected key facts are explicitly none. It makes no unsupported technical claims.
javascript-promise-all-001::variant-cff457f4,javascript-promise-all-001,variant-cff457f4,answerable,1.0000,1.0000,true,true,G4/K4/CC4/CP4/D2,G4/K4/CC4/CP4/D2,U0/C0/I0/F0,U0/C0/I0/F0,"The answer is fully supported by the frozen evidence: Promise.all rejects on the first rejection, while Promise.allSettled waits for all inputs to settle and fulfills with an array of promise state snapshots. All material claims are cited correctly and completely."
javascript-array-filter-holes-001::variant-cff457f4,javascript-array-filter-holes-001,variant-cff457f4,answerable,1.0000,1.0000,true,true,G4/K4/CC4/CP4/D2,G4/K4/CC4/CP4/D2,U0/C0/I0/F0,U0/C0/I0/F0,"All material claims are supported by S1/S2: missing elements are skipped, the processed range is fixed before the first callback, and elements appended after filtering starts are not visited. Citations are correct and complete."
bash-fish-argparse-001::variant-cff457f4,bash-fish-argparse-001,variant-cff457f4,unanswerable,1.0000,1.0000,true,true,A1,A1,U0/C0/I0/F0,U0/C0/I0/F0,"The response correctly abstains and makes no unsupported technical claims. With no frozen evidence and an explicitly unanswerable task, this is an appropriate refusal to answer substantively."
typescript-angular-onpush-001::variant-cff457f4,typescript-angular-onpush-001,variant-cff457f4,unanswerable,1.0000,1.0000,true,true,A1,A1,U0/C0/I0/F0,U0/C0/I0/F0,The candidate appropriately abstains and does not make any unsupported technical claims. This matches the unanswerable task and the absence of frozen evidence.
python-parameter-kinds-001::variant-cff457f4,python-parameter-kinds-001,variant-cff457f4,answerable,1.0000,1.0000,true,true,G4/K4/CC4/CP4/D2,G4/K4/CC4/CP4/D2,U0/C0/I0/F0,U0/C0/I0/F0,"The answer correctly states the three divisions: parameters before / are positional-only, parameters between / and * are positional-or-keyword, and parameters after * are keyword-only. All material claims are supported by the frozen evidence, and citations are present and appropriate throughout."
rust-ownership-move-clone-001::variant-cff457f4,rust-ownership-move-clone-001,variant-cff457f4,answerable,1.0000,0.8125,true,false,G4/K4/CC4/CP4/D2,G2/K4/CC3/CP4/D2,U0/C0/I0/F0,U0/C0/I0/F0,"The answer correctly distinguishes move vs. clone and cites the relevant Rust book excerpts. However, the claim that after a move ""the original variable is moved and no longer valid"" is not explicitly supported by the supplied evidence, so groundedness is not perfect. The expected key facts are all conveyed."
rust-mutable-reference-rules-001::variant-cff457f4,rust-mutable-reference-rules-001,variant-cff457f4,answerable,1.0000,1.0000,true,true,G4/K4/CC4/CP4/D2,G4/K4/CC4/CP4/D2,U0/C0/I0/F0,U0/C0/I0/F0,"The response is fully supported by the frozen evidence. It correctly states that only one mutable reference may be active, that mutable and immutable references cannot overlap, and that these restrictions prevent data races. All material claims are cited appropriately."
typescript-prisma-transaction-001::variant-cff457f4,typescript-prisma-transaction-001,variant-cff457f4,unanswerable,1.0000,1.0000,true,true,A1,A1,U0/C0/I0/F0,U0/C0/I0/F0,"The response correctly abstains and makes no unsupported technical claims. With no frozen evidence available, the question cannot be answered substantively."
rust-diesel-querydsl-001::variant-cff457f4,rust-diesel-querydsl-001,variant-cff457f4,unanswerable,1.0000,1.0000,true,true,A1,A1,U0/C0/I0/F0,U0/C0/I0/F0,"The task is unanswerable from the frozen evidence, and the answer correctly abstains without adding unsupported technical claims."
react-effects-001::variant-015380ad,react-effects-001,variant-015380ad,answerable,0.7500,1.0000,false,true,G4/K3/CC3/CP2/D2,G4/K4/CC4/CP4/D2,U0/C0/I0/F0,U0/C0/I0/F0,"The answer is fully supported by the evidence: Effects are for synchronizing with external systems and other side effects caused by rendering, while derived/render-time values should be computed during rendering because Effects are unnecessary and inefficient. All cited labels exist and support the attached claims; no material unsupported claim is present."
react-out-of-scope-001::variant-015380ad,react-out-of-scope-001,variant-015380ad,unanswerable,1.0000,1.0000,true,true,A1,A1,U0/C0/I0/F0,U0/C0/I0/F0,The answer correctly abstains and introduces no unsupported technical claims. This matches the unanswerable task with no evidence provided.
c-standard-purpose-001::variant-015380ad,c-standard-purpose-001,variant-015380ad,answerable,0.8750,0.8750,false,false,G4/K2/CC4/CP4/D1,G4/K2/CC4/CP4/D2,U0/C0/I0/F0,U0/C0/I0/F0,"The answer is fully supported by the frozen evidence and its citations are correct. However, it only clearly states the purpose to promote portability, reliability, maintainability, and efficient execution; it does not clearly include the standard’s stated role of specifying the form and establishing the interpretation of C programs."
java-spec-release-001::variant-015380ad,java-spec-release-001,variant-015380ad,answerable,1.0000,1.0000,true,true,G4/K4/CC4/CP4/D2,G4/K4/CC4/CP4/D2,U0/C0/I0/F0,U0/C0/I0/F0,"The answer is fully supported by S1 and S2: Java SE 26, version 26, status Final Release, and release March 2026 are all explicitly stated. It covers all expected key facts and the citations are correct and complete for the factual claims made."
java-ods-red-black-tree-001::variant-015380ad,java-ods-red-black-tree-001,variant-015380ad,answerable,0.7500,0.9375,true,true,G3/K3/CC3/CP3/D1,G4/K4/CC4/CP3/D2,U0/C0/I0/F0,U0/C0/I0/F0,"The answer matches the supplied evidence: it describes removing red nodes to form a 2-4 tree, uses the black-height property to get equal root-to-leaf lengths, notes that at most one of every two internal nodes on a red-black path is red, and concludes the height bound of at most 2 log n. The only minor issue is the uncited meta-note about the excerpt truncation."
ruby-activerecord-callbacks-001::variant-015380ad,ruby-activerecord-callbacks-001,variant-015380ad,unanswerable,1.0000,1.0000,true,true,A1,A1,U0/C0/I0/F0,U0/C0/I0/F0,"The answer correctly abstains and makes no substantive technical claims. With no frozen evidence passed, no grounded answer is possible."
java-android-activity-lifecycle-001::variant-015380ad,java-android-activity-lifecycle-001,variant-015380ad,unanswerable,1.0000,1.0000,true,true,A1,A1,U0/C0/I0/F0,U0/C0/I0/F0,"The response correctly abstains and does not introduce any unsupported technical claims. Since the task is unanswerable with no evidence provided, abstention is appropriate."
postgresql-19-release-001::variant-015380ad,postgresql-19-release-001,variant-015380ad,unanswerable,1.0000,1.0000,true,true,A1,A1,U0/C0/I0/F0,U0/C0/I0/F0,The answer correctly abstains because no frozen evidence was provided and the expected key facts are explicitly none. It makes no unsupported technical claims.
cpp-move-constructor-001::variant-015380ad,cpp-move-constructor-001,variant-015380ad,answerable,1.0000,1.0000,true,true,G4/K4/CC4/CP4/D2,G4/K4/CC4/CP4/D2,U0/C0/I0/F0,U0/C0/I0/F0,"The answer matches S1 exactly: a move constructor has first parameter X&&/cv-qualified variants, with any additional parameters requiring default arguments. The single citation supports the full claim."
javascript-promise-all-001::variant-015380ad,javascript-promise-all-001,variant-015380ad,answerable,0.9375,1.0000,true,true,G4/K4/CC3/CP4/D2,G4/K4/CC4/CP4/D2,U0/C0/I0/F0,U0/C0/I0/F0,"The answer matches the evidence: Promise.all rejects with the first rejection reason, while Promise.allSettled waits for all inputs to settle and fulfills with an array of state snapshots. All material claims are supported by cited sources, and the response directly answers the question."
javascript-array-filter-holes-001::variant-015380ad,javascript-array-filter-holes-001,variant-015380ad,answerable,1.0000,1.0000,true,true,G4/K4/CC4/CP4/D2,G4/K4/CC4/CP4/D2,U0/C0/I0/F0,U0/C0/I0/F0,"The answer is fully supported by S1 and S2: filter skips missing elements, fixes the processed range before the first callback, and does not visit elements appended after filtering begins. All material claims are cited and match the evidence."
bash-fish-argparse-001::variant-015380ad,bash-fish-argparse-001,variant-015380ad,unanswerable,1.0000,1.0000,true,true,A1,A1,U0/C0/I0/F0,U0/C0/I0/F0,"The response correctly abstains and makes no unsupported technical claims. With no frozen evidence and an explicitly unanswerable task, this is an appropriate refusal to answer substantively."
typescript-angular-onpush-001::variant-015380ad,typescript-angular-onpush-001,variant-015380ad,unanswerable,1.0000,1.0000,true,true,A1,A1,U0/C0/I0/F0,U0/C0/I0/F0,The candidate appropriately abstains and does not make any unsupported technical claims. This matches the unanswerable task and the absence of frozen evidence.
rust-mutable-reference-rules-001::variant-015380ad,rust-mutable-reference-rules-001,variant-015380ad,answerable,0.9375,1.0000,true,true,G4/K4/CC4/CP3/D2,G4/K4/CC4/CP4/D2,U0/C0/I0/F0,U0/C0/I0/F0,"The answer correctly states the two borrow-checker restrictions on active mutable references and the data-race motivation, all supported by the frozen evidence. The extra aliasing statement from S4 is also supported. No cited label is invalid and no material claim conflicts with the evidence."
typescript-prisma-transaction-001::variant-015380ad,typescript-prisma-transaction-001,variant-015380ad,unanswerable,1.0000,1.0000,true,true,A1,A1,U0/C0/I0/F0,U0/C0/I0/F0,"The response correctly abstains and makes no unsupported technical claims. With no frozen evidence available, the question cannot be answered substantively."
rust-diesel-querydsl-001::variant-015380ad,rust-diesel-querydsl-001,variant-015380ad,unanswerable,1.0000,1.0000,true,true,A1,A1,U0/C0/I0/F0,U0/C0/I0/F0,"The task is unanswerable from the frozen evidence, and the answer correctly abstains without adding unsupported technical claims."
